{
    "timestamp": "23-03-2026 12:24:10",
    "dataset_size": 1500,
    "noise_point_range_min": 100,
    "noise_point_range_max": 150,
    "cluster_count_range_min": 15,
    "cluster_count_range_max": 25,
    "connectivity_radius": 0.2,
    "trainable_params": 528386,
    "non_trainable_params": 0,
    "total_params": 528386,
    "estimated_model_size_MB": 2.0156326293945312,
    "modules_train_mode": 0,
    "modules_eval_mode": 50,
    "total_FLOPs": 0,
    "training_epoch_losses": [
        0.10212879627943039,
        0.08860035240650177,
        0.07576630264520645,
        0.06980999559164047,
        0.0659487172961235,
        0.0629814863204956,
        0.059463489800691605,
        0.05758358910679817,
        0.05615860968828201,
        0.053905658423900604,
        0.05314502492547035,
        0.052276626229286194,
        0.05130113661289215,
        0.050177790224552155,
        0.05033717676997185,
        0.04869397357106209,
        0.04821354150772095,
        0.04751437529921532,
        0.04677027836441994,
        0.046866271644830704,
        0.04599825665354729,
        0.045839451253414154,
        0.04567791894078255,
        0.04552570730447769,
        0.044765543192625046,
        0.04444039240479469,
        0.04428510367870331,
        0.04393337666988373,
        0.04406789317727089,
        0.043574001640081406
    ],
    "average_results_table": {
        "DBSCAN": {
            "IoU_values": 0.19,
            "ARI_values": 0.14,
            "ARI_c_values": 0.15,
            "ARI_dagger_values": 0.71,
            "AMI_values": 0.58,
            "JIc_values": 0.64,
            "RMSRE_N_values": 0.45,
            "RMSE_centr_values": 6.07
        },
        "MIRO": {
            "IoU_values": 0.43,
            "ARI_values": 0.38,
            "ARI_c_values": 0.44,
            "ARI_dagger_values": 0.77,
            "AMI_values": 0.74,
            "JIc_values": 0.58,
            "RMSRE_N_values": 0.49,
            "RMSE_centr_values": 5.1
        }
    }
}